<?xml version="1.0" encoding="UTF-8"?>
<project-private xmlns="http://www.netbeans.org/ns/project-private/1">
    <editor-bookmarks xmlns="http://www.netbeans.org/ns/editor-bookmarks/2" lastBookmarkId="0"/>
    <open-files xmlns="http://www.netbeans.org/ns/projectui-open-files/2">
        <group>
            <file>file:/C:/Users/NAFIS/Documents/NetBeansProjects/ActivityStreamerClient/build.xml</file>
            <file>file:/C:/Users/NAFIS/Documents/NetBeansProjects/ActivityStreamerClient/src/activitystreamer/client/ClientInput.java</file>
            <file>file:/C:/Users/NAFIS/Documents/NetBeansProjects/ActivityStreamerClient/src/activitystreamer/Client.java</file>
            <file>file:/C:/Users/NAFIS/Documents/NetBeansProjects/ActivityStreamerClient/src/activitystreamer/client/ClientSkeleton.java</file>
        </group>
    </open-files>
</project-private>
